<?xml version="1.0" encoding="utf-8"?>
<ProjectInfo>
	<Project Name="Winters Warmth_WwiseProject" GUID="{6F0F7662-84BC-4A08-9E86-B5D7680DE3F9}" Generator="2023.1.5.8522"/>
	<CacheRoot>../../../../Winters Warmth_WwiseProject/.cache</CacheRoot>
	<Platforms>
		<Platform Name="Mac" GUID="{C735A7E1-E182-41FC-A930-0A83D9F2D9EE}" BasePlatform="Mac" BasePlatformGUID="{9C6217D5-DD11-4795-87C1-6CE02853C540}" Path="../../../../Winters Warmth_WwiseProject/GeneratedSoundBanks/Mac"/>
		<Platform Name="Windows" GUID="{78C4883E-DEF5-4AFF-8E3C-204C680F6737}" BasePlatform="Windows" BasePlatformGUID="{6E0CB257-C6C8-4C5C-8366-2740DFC441EB}" Path="../../../../Winters Warmth_WwiseProject/GeneratedSoundBanks/Windows"/>
	</Platforms>
	<Languages>
		<Language Name="English(US)" Id="684519430" GUID="{F426AF1E-5A51-4160-A4A6-DCD7EB562D23}" Default="true" UseAsStandIn="true"/>
	</Languages>
	<FileHash>{855C5E91-7DC4-46C9-87F1-F5C2762B86D2}</FileHash>
</ProjectInfo>
